City_ID,City,Country,Date,Lat,Lng,Max Temp,Humidity,Cloudiness,Wind Speed
0,Busselton,AU,2021-11-08 18:00:26,-33.65,115.3333,53.1,73,97,16.35
1,Vila Velha,BR,2021-11-08 18:00:27,-20.3297,-40.2925,75.94,85,81,1.99
2,Ushuaia,AR,2021-11-08 18:00:27,-54.8,-68.3,50.2,67,87,6.6
3,Ostuacan,MX,2021-11-08 18:00:28,17.4167,-93.3,74.86,65,25,6.17
4,Bluff,NZ,2021-11-08 18:00:28,-46.6,168.3333,55.8,84,98,3.49
5,Punta Arenas,CL,2021-11-08 18:00:23,-53.15,-70.9167,53.11,46,98,14.5
6,Hermanus,ZA,2021-11-08 18:00:29,-34.4187,19.2345,61.9,69,13,5.93
7,New Norfolk,AU,2021-11-08 18:00:29,-42.7826,147.0587,49.5,72,30,1.99
8,Rawson,AR,2021-11-08 18:00:30,-43.3002,-65.1023,60.17,61,78,17.18
9,Mopipi,BW,2021-11-08 18:00:30,-21.1833,24.8833,87.1,30,93,11.12
10,Pasaje,EC,2021-11-08 18:00:31,-3.3333,-79.8167,79.21,73,99,6.22
11,East London,ZA,2021-11-08 18:00:31,-33.0153,27.9116,62.38,91,100,14.0
12,Jaisalmer,IN,2021-11-08 17:59:13,26.9147,70.9181,79.29,19,2,6.42
13,Katangli,RU,2021-11-08 18:00:32,51.7102,143.2326,26.31,76,88,7.85
14,Caravelas,BR,2021-11-08 18:00:32,-17.7125,-39.2481,80.92,62,79,8.84
15,Oudtshoorn,ZA,2021-11-08 18:00:32,-33.5907,22.2014,56.32,78,95,0.92
16,Clyde River,CA,2021-11-08 18:00:33,70.4692,-68.5914,8.87,83,57,10.78
17,Severo-Kurilsk,RU,2021-11-08 18:00:34,50.6789,156.125,36.34,64,96,22.7
18,Srednekolymsk,RU,2021-11-08 18:00:34,67.45,153.6833,-9.67,100,95,5.57
19,Rikitea,PF,2021-11-08 18:00:34,-23.1203,-134.9692,74.23,81,100,12.91
20,Gunjur,GM,2021-11-08 18:00:35,13.2019,-16.7339,82.74,59,24,14.18
21,Ancud,CL,2021-11-08 18:00:35,-41.8697,-73.8203,66.42,69,65,8.16
22,Mataura,NZ,2021-11-08 18:00:36,-46.1927,168.8643,55.47,85,99,1.48
23,Hilo,US,2021-11-08 17:56:33,19.7297,-155.09,75.61,86,29,1.01
24,Angoram,PG,2021-11-08 18:00:36,-4.0625,144.0661,73.06,99,93,2.42
25,Ambilobe,MG,2021-11-08 18:00:37,-13.2,49.05,78.82,76,49,3.15
26,Sao Filipe,CV,2021-11-08 18:00:37,14.8961,-24.4956,78.46,74,99,8.7
27,Pundaguitan,PH,2021-11-08 18:00:37,6.3711,126.1689,80.19,85,100,14.09
28,Cape Town,ZA,2021-11-08 17:57:04,-33.9258,18.4232,64.81,63,20,1.99
29,Luohe,CN,2021-11-08 18:00:19,33.5717,114.0353,42.37,39,5,11.16
30,Alofi,NU,2021-11-08 18:00:38,-19.0595,-169.9187,77.59,80,100,21.18
31,Saint George,US,2021-11-08 17:56:14,37.1041,-113.5841,70.27,35,100,1.01
32,Khandyga,RU,2021-11-08 18:00:39,62.6667,135.6,6.21,96,100,5.28
33,Carnarvon,AU,2021-11-08 17:57:29,-24.8667,113.6333,66.27,68,25,16.11
34,Inhambane,MZ,2021-11-08 18:00:40,-23.865,35.3833,78.78,89,20,13.8
35,Kirakira,SB,2021-11-08 18:00:40,-10.4544,161.9205,79.72,83,14,7.49
36,Lagoa,PT,2021-11-08 18:00:40,39.05,-27.9833,62.62,91,100,3.58
37,Jamestown,US,2021-11-08 17:56:45,42.097,-79.2353,64.33,57,0,10.22
38,Thompson,CA,2021-11-08 18:00:41,55.7435,-97.8558,30.36,100,75,6.91
39,Albany,US,2021-11-08 17:55:53,42.6001,-73.9662,63.09,59,2,1.01
40,Luderitz,NA,2021-11-08 18:00:42,-26.6481,15.1594,62.49,67,24,29.19
41,Hervey Bay,AU,2021-11-08 18:00:42,-25.2986,152.8535,76.03,92,76,12.64
42,Kholm,RU,2021-11-08 18:00:43,59.2667,32.85,30.72,70,100,13.56
43,Bukachacha,RU,2021-11-08 18:00:43,52.9833,116.9167,12.33,91,70,3.18
44,Vaini,TO,2021-11-08 18:00:44,-21.2,-175.2,73.98,92,100,19.95
45,Bengkulu,ID,2021-11-08 18:00:44,-3.8004,102.2655,77.2,91,98,9.89
46,Ribeira Grande,PT,2021-11-08 18:00:44,38.5167,-28.7,66.6,88,75,3.44
47,Arraial Do Cabo,BR,2021-11-08 18:00:45,-22.9661,-42.0278,73.31,70,50,8.63
48,Puebloviejo,CO,2021-11-08 18:00:45,10.9938,-74.2844,88.48,68,100,5.57
49,Mutoko,ZW,2021-11-08 18:00:46,-17.397,32.2268,75.29,23,5,6.08
50,Palmares Do Sul,BR,2021-11-08 18:00:46,-30.2578,-50.5097,73.31,52,5,8.95
51,Lamu,KE,2021-11-08 18:00:47,-2.2717,40.902,80.82,83,99,11.23
52,Atuona,PF,2021-11-08 18:00:48,-9.8,-139.0333,77.41,79,17,19.42
53,Kloulklubed,PW,2021-11-08 18:00:48,7.0419,134.2556,82.9,72,87,16.78
54,Talara,PE,2021-11-08 18:00:49,-4.5772,-81.2719,67.95,75,100,14.52
55,Mount Gambier,AU,2021-11-08 18:00:49,-37.8333,140.7667,43.43,97,29,4.41
56,Dikson,RU,2021-11-08 18:00:49,73.5069,80.5464,8.26,96,100,2.89
57,Mogadishu,SO,2021-11-08 18:00:50,2.0371,45.3438,79.57,77,97,12.08
58,Mantua,IT,2021-11-08 18:00:51,45.1667,10.7833,54.75,91,99,3.0
59,Hithadhoo,MV,2021-11-08 18:00:51,-0.6,73.0833,82.56,74,94,14.81
60,Mokhotlong,LS,2021-11-08 18:00:52,-29.2894,29.0675,54.48,78,100,3.85
61,Hobart,AU,2021-11-08 18:00:11,-42.8794,147.3294,49.86,85,90,8.05
62,Quelimane,MZ,2021-11-08 18:00:53,-17.8786,36.8883,80.55,78,0,14.97
63,Kapaa,US,2021-11-08 18:00:53,22.0752,-159.319,70.48,59,19,11.36
64,Tautira,PF,2021-11-08 18:00:53,-17.7333,-149.15,77.02,80,28,5.08
65,Cherskiy,RU,2021-11-08 18:00:54,68.75,161.3,-1.79,98,98,2.01
66,Moron,AR,2021-11-08 18:00:54,-34.6534,-58.6198,87.01,44,1,3.11
67,Shelopugino,RU,2021-11-08 18:00:55,51.6514,117.5599,15.73,76,21,1.54
68,Barrow,US,2021-11-08 17:57:24,71.2906,-156.7887,21.22,86,90,12.66
69,Puerto Ayora,EC,2021-11-08 18:00:55,-0.7393,-90.3518,72.01,71,67,10.56
70,Halifax,CA,2021-11-08 17:57:51,44.6453,-63.5724,54.41,74,75,3.44
71,Kalianget,ID,2021-11-08 18:00:56,-7.05,113.9333,83.97,72,100,2.01
72,Cabo San Lucas,MX,2021-11-08 18:00:56,22.8909,-109.9124,88.52,55,94,1.01
73,Sorland,NO,2021-11-08 18:00:57,67.667,12.6934,39.06,62,82,13.22
74,Isiro,CD,2021-11-08 18:00:57,2.7739,27.616,68.74,98,96,1.45
75,Lebu,CL,2021-11-08 18:00:58,-37.6167,-73.65,58.89,78,6,15.68
76,Port Alfred,ZA,2021-11-08 18:00:58,-33.5906,26.891,60.87,84,100,15.68
77,Victoria,HK,2021-11-08 17:58:48,22.2855,114.1577,65.32,49,2,1.99
78,Freeport,US,2021-11-08 17:59:57,40.6576,-73.5832,66.36,46,0,1.99
79,Taoudenni,ML,2021-11-08 18:00:59,22.6783,-3.9836,75.42,18,26,10.96
80,Iisalmi,FI,2021-11-08 18:00:59,63.5592,27.1907,26.62,80,1,5.14
81,Glenwood Springs,US,2021-11-08 18:01:00,39.5505,-107.3248,62.4,44,90,4.61
82,Airai,TL,2021-11-08 18:01:00,-8.9266,125.4092,63.09,94,100,0.34
83,Pitimbu,BR,2021-11-08 18:01:01,-7.4706,-34.8086,82.62,67,54,12.1
84,Omsukchan,RU,2021-11-08 18:01:01,62.5333,155.8,-1.68,94,100,5.08
85,Mahebourg,MU,2021-11-08 18:01:02,-20.4081,57.7,75.25,81,48,11.12
86,Pevek,RU,2021-11-08 18:01:03,69.7008,170.3133,5.61,90,74,7.76
87,Mar Del Plata,AR,2021-11-08 18:00:06,-38.0023,-57.5575,61.88,90,1,8.01
88,Tecoanapa,MX,2021-11-08 18:01:04,16.5167,-98.75,84.36,66,31,5.26
89,Saint-Philippe,RE,2021-11-08 17:56:13,-21.3585,55.7679,74.79,85,43,9.78
90,Kampong Thum,KH,2021-11-08 18:01:05,12.7111,104.8887,74.35,95,63,4.27
91,Beira,MZ,2021-11-08 18:01:05,-19.8436,34.8389,77.81,84,0,14.74
92,Tiksi,RU,2021-11-08 18:01:06,71.6872,128.8694,16.56,79,100,17.87
93,San,ML,2021-11-08 17:57:39,13.3034,-4.8956,94.73,20,61,6.62
94,Khatanga,RU,2021-11-08 18:01:06,71.9667,102.5,-10.44,99,93,7.58
95,Usmajac,MX,2021-11-08 18:01:07,19.8667,-103.5667,78.19,37,41,3.06
96,Barcelos,PT,2021-11-08 18:01:07,41.5388,-8.6151,63.28,75,11,2.89
97,Beloha,MG,2021-11-08 18:01:08,-25.1667,45.05,76.82,60,62,4.79
98,Palana,RU,2021-11-08 18:01:08,59.1167,159.9667,19.42,89,96,12.1
99,Denia,ES,2021-11-08 18:01:08,38.8408,0.1057,64.85,58,1,1.01
100,Kulhudhuffushi,MV,2021-11-08 18:01:09,6.6221,73.07,81.79,78,100,13.67
101,Yellowknife,CA,2021-11-08 18:01:09,62.456,-114.3525,24.42,94,100,4.0
102,Klaksvik,FO,2021-11-08 18:01:10,62.2266,-6.589,49.12,83,100,22.44
103,Honiara,SB,2021-11-08 18:01:10,-9.4333,159.95,77.14,85,10,5.64
104,Longyearbyen,SJ,2021-11-08 17:58:36,78.2186,15.6401,2.44,97,76,2.55
105,Butaritari,KI,2021-11-08 18:01:11,3.0707,172.7902,81.75,71,5,14.85
106,Baykit,RU,2021-11-08 18:01:12,61.67,96.37,28.27,93,100,11.68
107,Aswan,EG,2021-11-08 18:01:12,24.0934,32.907,82.71,16,0,11.79
108,Gambiran,ID,2021-11-08 18:01:12,-6.7988,111.4951,79.05,84,100,2.55
109,Porto Novo,BJ,2021-11-08 18:01:13,6.4965,2.6036,81.14,80,80,7.05
110,Puerto Madryn,AR,2021-11-08 18:01:13,-42.7692,-65.0385,63.21,51,83,19.28
111,San Quintin,MX,2021-11-08 18:01:14,30.4833,-115.95,66.07,68,1,5.68
112,Grenada,ES,2021-11-08 18:01:14,37.1882,-3.6067,55.9,52,0,1.99
113,Provideniya,RU,2021-11-08 18:01:15,64.3833,-173.3,12.0,86,11,5.59
114,Ostrovnoy,RU,2021-11-08 18:01:15,68.0531,39.5131,29.32,67,100,18.5
115,Zeya,RU,2021-11-08 18:01:16,53.75,127.2667,12.47,84,3,2.93
116,Kaitangata,NZ,2021-11-08 18:01:16,-46.2817,169.8464,51.49,92,84,3.29
117,Asau,RO,2021-11-08 18:01:17,46.4333,26.4,47.75,83,100,3.91
118,Santa Cruz Del Sur,CU,2021-11-08 18:01:17,20.7147,-77.9956,79.39,62,100,7.45
119,Weyburn,CA,2021-11-08 18:01:18,49.6668,-103.8511,44.19,31,0,16.13
120,Bredasdorp,ZA,2021-11-08 18:01:18,-34.5322,20.0403,58.28,63,58,6.11
121,Deogarh,IN,2021-11-08 18:01:19,21.5333,84.7333,64.22,62,59,2.77
122,Asenovgrad,BG,2021-11-08 18:00:09,42.0167,24.8667,55.2,94,43,5.75
123,Rudiskes,LT,2021-11-08 18:01:19,54.5167,24.8333,38.21,84,43,8.43
124,Chokurdakh,RU,2021-11-08 18:01:20,70.6333,147.9167,-17.27,93,11,7.16
125,Crotone,IT,2021-11-08 18:01:20,39.0851,17.1178,58.93,93,93,13.98
126,Guerrero Negro,MX,2021-11-08 18:01:21,27.9769,-114.0611,69.35,64,100,3.67
127,Abha,SA,2021-11-08 18:01:21,18.2164,42.5053,60.15,44,71,5.82
128,Pulsano,IT,2021-11-08 18:01:22,40.3821,17.3564,68.49,92,100,18.07
129,Kiunga,PG,2021-11-08 18:01:22,-6.1219,141.2906,74.5,100,100,0.96
130,Ojinaga,MX,2021-11-08 18:01:23,29.5667,-104.4167,86.58,31,1,0.0
131,Codrington,AU,2021-11-08 18:01:23,-38.2667,141.9667,43.77,93,21,6.87
132,Husavik,IS,2021-11-08 18:01:24,66.0449,-17.3389,33.55,84,20,15.12
133,Evensk,RU,2021-11-08 18:01:24,61.95,159.2333,22.03,95,100,6.42
134,Faya,SA,2021-11-08 18:01:24,18.3851,42.4509,60.37,43,66,4.61
135,Vardo,NO,2021-11-08 18:01:25,70.3705,31.1107,28.38,80,40,21.85
136,Acapulco,MX,2021-11-08 18:00:01,16.8634,-99.8901,83.91,68,37,4.0
137,Qaanaaq,GL,2021-11-08 18:01:26,77.484,-69.3632,1.36,59,0,8.43
138,Puerto Leguizamo,CO,2021-11-08 18:01:26,-0.1934,-74.7819,93.61,42,50,3.36
139,Avera,US,2021-11-08 18:01:27,33.194,-82.5271,70.48,26,0,6.58
140,Atambua,ID,2021-11-08 18:01:27,-9.1061,124.8925,76.5,85,93,2.21
141,Tasiilaq,GL,2021-11-08 18:01:27,65.6145,-37.6368,26.76,66,100,5.53
142,Ardon,RU,2021-11-08 18:01:28,43.17,44.29,46.53,70,96,2.33
143,Faanui,PF,2021-11-08 18:01:28,-16.4833,-151.75,78.57,76,29,7.94
144,Madinat Sittah Uktubar,EG,2021-11-08 18:00:13,29.8167,31.05,76.6,39,0,11.34
145,Lata,PT,2021-11-08 18:01:29,40.1629,-8.3327,59.04,77,2,3.67
146,Martapura,ID,2021-11-08 18:01:29,-3.4167,114.85,75.29,100,94,4.61
147,Aanekoski,FI,2021-11-08 18:01:30,62.6946,25.818,25.68,74,0,4.27
148,Bubaque,GW,2021-11-08 18:01:30,11.2833,-15.8333,83.68,71,54,10.6
149,Isangel,VU,2021-11-08 18:01:31,-19.55,169.2667,73.53,87,48,4.21
150,Turukhansk,RU,2021-11-08 18:01:31,65.8167,87.9833,15.78,91,100,8.7
151,Avarua,CK,2021-11-08 18:01:32,-21.2078,-159.775,75.25,69,75,6.91
152,Souillac,MU,2021-11-08 17:59:47,-20.5167,57.5167,77.38,83,75,13.42
153,Paamiut,GL,2021-11-08 18:01:33,61.994,-49.6678,20.7,79,25,7.45
154,Norman Wells,CA,2021-11-08 18:01:33,65.282,-126.8329,6.42,92,98,5.7
155,Necochea,AR,2021-11-08 17:57:28,-38.5473,-58.7368,66.04,60,2,11.95
156,Gardenstown,GB,2021-11-08 18:01:34,57.671,-2.336,56.79,86,100,12.77
157,Bonfim,BR,2021-11-08 18:01:34,3.0833,-59.95,86.79,55,100,5.26
158,Ponta Do Sol,PT,2021-11-08 18:01:35,32.6667,-17.1,70.72,68,0,4.68
159,Nizhniy Tsasuchey,RU,2021-11-08 18:01:36,50.5167,115.1333,20.97,88,44,7.47
160,Jinchang,CN,2021-11-08 18:01:36,38.4953,102.1739,24.85,31,3,3.06
161,Rosarito,MX,2021-11-08 18:01:36,32.3333,-117.0333,71.67,64,5,2.73
162,Castro,BR,2021-11-08 18:00:27,-24.7911,-50.0119,73.47,73,88,6.04
163,Hamilton,US,2021-11-08 18:01:34,39.1834,-84.5333,69.08,43,1,1.99
164,Kushiro,JP,2021-11-08 18:01:37,42.975,144.3747,51.21,93,51,10.33
165,Kavaratti,IN,2021-11-08 18:01:38,10.5669,72.642,81.73,71,94,6.06
166,Verkh-Usugli,RU,2021-11-08 18:01:38,52.7,115.1667,15.87,93,53,2.39
167,North Bend,US,2021-11-08 18:01:39,43.4065,-124.2243,47.86,100,45,6.4
168,Greenwood,US,2021-11-08 17:58:48,34.1668,-82.1165,69.87,40,0,4.74
169,El Carmen,CO,2021-11-08 18:01:39,8.5106,-73.4478,76.39,83,99,2.39
170,Port Hardy,CA,2021-11-08 18:00:59,50.6996,-127.4199,41.02,89,100,23.67
171,Camacha,PT,2021-11-08 18:01:40,33.0833,-16.3333,66.96,60,40,9.22
172,Prince Rupert,CA,2021-11-08 18:01:40,54.3161,-130.3201,37.98,82,64,8.23
173,Rio Gallegos,AR,2021-11-08 18:01:41,-51.6226,-69.2181,62.44,25,7,7.76
174,Namibe,AO,2021-11-08 18:01:42,-15.1961,12.1522,69.3,75,4,2.66
175,Tuktoyaktuk,CA,2021-11-08 18:01:42,69.4541,-133.0374,11.57,94,94,2.48
176,Bandarbeyla,SO,2021-11-08 18:01:42,9.4942,50.8122,78.55,66,56,12.17
177,Suntar,RU,2021-11-08 18:01:43,62.1444,117.6319,27.99,96,99,8.05
178,Gao,ML,2021-11-08 18:01:43,16.6362,1.637,87.64,13,89,2.06
179,Los Llanos De Aridane,ES,2021-11-08 18:01:44,28.6585,-17.9182,65.95,73,20,11.99
180,Hofn,IS,2021-11-08 17:57:19,64.2539,-15.2082,41.02,87,90,9.22
181,Pinawa,CA,2021-11-08 18:01:44,50.1489,-95.8811,45.1,41,13,9.98
182,Tuatapere,NZ,2021-11-08 18:01:45,-46.1333,167.6833,55.81,87,86,5.23
183,Taitung,TW,2021-11-08 18:01:45,22.7583,121.1444,66.81,86,87,16.2
184,Kathmandu,NP,2021-11-08 17:59:26,27.7167,85.3167,55.62,94,40,2.3
185,Pangnirtung,CA,2021-11-08 18:01:46,66.1451,-65.7125,6.33,72,2,5.66
186,Sand,DE,2021-11-08 18:01:46,50.0,10.6,44.11,98,98,2.82
187,Sayyan,YE,2021-11-08 18:01:47,15.1718,44.3244,57.18,26,29,7.85
188,Adrar,MR,2021-11-08 18:01:47,20.5022,-10.0711,78.69,15,74,8.1
189,Oxelosund,SE,2021-11-08 18:01:48,58.6706,17.1015,34.52,92,0,4.61
190,Olafsvik,IS,2021-11-08 18:01:48,64.8945,-23.7142,40.41,96,100,21.32
191,Saskylakh,RU,2021-11-08 18:01:48,71.9167,114.0833,14.76,96,100,3.06
192,Pochutla,MX,2021-11-08 18:01:49,15.7432,-96.4661,89.82,51,93,5.79
193,Belmonte,BR,2021-11-08 18:01:49,-15.8631,-38.8828,79.03,81,66,4.97
194,Khuzhir,RU,2021-11-08 18:01:50,53.1939,107.3397,36.45,61,76,8.03
195,Huarmey,PE,2021-11-08 18:01:50,-10.0681,-78.1522,70.16,71,92,8.84
196,Presidencia Roque Saenz Pena,AR,2021-11-08 18:01:51,-26.7852,-60.4388,74.84,67,94,4.29
197,Tessalit,ML,2021-11-08 18:01:51,20.1986,1.0114,83.98,16,80,11.61
198,Altay,CN,2021-11-08 18:01:52,47.8667,88.1167,18.61,53,0,7.47
199,Bambous Virieux,MU,2021-11-08 18:01:52,-20.3428,57.7575,75.22,81,49,11.18
200,Iqaluit,CA,2021-11-08 18:00:55,63.7506,-68.5145,13.69,72,0,5.99
201,Kudahuvadhoo,MV,2021-11-08 18:01:53,2.6708,72.8944,83.07,74,95,15.59
202,Hanyang,CN,2021-11-08 18:01:53,32.1371,105.5126,40.41,73,1,3.02
203,Goderich,CA,2021-11-08 18:01:53,43.7501,-81.7165,64.04,68,0,19.73
204,Egvekinot,RU,2021-11-08 18:01:54,66.3167,-179.1667,1.29,97,98,2.62
205,Qui Nhon,VN,2021-11-08 18:01:54,13.7667,109.2333,77.61,90,91,14.81
206,Georgetown,MY,2021-11-08 18:01:55,5.4112,100.3354,78.73,94,40,3.44
207,Mattawa,US,2021-11-08 18:01:55,46.7379,-119.9028,50.18,66,99,1.81
208,Innisfail,AU,2021-11-08 17:59:26,-17.5333,146.0333,74.8,90,32,3.8
209,Komsomolskiy,UZ,2021-11-08 18:01:56,40.4272,71.7189,42.22,65,40,4.61
210,Ilulissat,GL,2021-11-08 18:01:56,69.2167,-51.1,-8.32,77,0,6.2
211,Bethel,US,2021-11-08 17:57:22,41.3712,-73.414,64.89,51,0,1.01
212,Milharado,PT,2021-11-08 18:01:57,38.9473,-9.1991,63.34,52,0,10.36
213,Kahului,US,2021-11-08 18:01:57,20.8947,-156.47,78.84,74,4,4.0
214,Fairbanks,US,2021-11-08 18:00:41,64.8378,-147.7164,10.09,85,75,4.45
215,Sabang,ID,2021-11-08 18:01:58,5.8933,95.3214,78.46,86,95,23.82
216,Lorengau,PG,2021-11-08 18:01:58,-2.0226,147.2712,81.34,83,53,10.56
217,Aragarcas,BR,2021-11-08 17:59:13,-15.8975,-52.2508,88.45,66,75,0.0
218,Sovetskiy,RU,2021-11-08 17:57:00,61.3614,63.5842,29.91,90,75,5.91
219,Dukat,RU,2021-11-08 18:02:00,62.55,155.55,-4.92,97,100,5.32
220,Cidreira,BR,2021-11-08 18:02:01,-30.1811,-50.2056,68.38,62,8,9.73
221,Portland,US,2021-11-08 18:00:12,45.5234,-122.6762,52.41,86,37,1.01
222,Setermoen,NO,2021-11-08 18:02:01,68.861,18.3486,22.96,95,93,6.08
223,Tabou,CI,2021-11-08 18:02:02,4.423,-7.3528,80.37,79,36,5.7
224,Mareeba,AU,2021-11-08 18:02:03,-17.0,145.4333,74.12,94,35,1.99
225,Virklund,DK,2021-11-08 18:02:03,56.1322,9.5558,45.9,91,59,6.08
226,Myaundzha,RU,2021-11-08 18:02:04,63.0494,147.1858,-30.41,100,68,2.26
227,Zapadnaya Dvina,RU,2021-11-08 18:02:04,56.259,32.0745,35.46,97,100,5.19
228,San Luis,AR,2021-11-08 18:02:05,-33.295,-66.3356,84.49,22,11,8.41
229,Pathein,MM,2021-11-08 18:02:05,16.7833,94.7333,76.24,87,68,5.14
230,Nuuk,GL,2021-11-08 18:00:48,64.1835,-51.7216,25.41,80,75,3.44
231,Oktyabrskoye,RU,2021-11-08 18:02:06,43.0645,44.7417,42.94,93,98,6.71
232,Irece,BR,2021-11-08 17:57:39,-11.3042,-41.8558,81.14,56,98,5.1
233,Akhisar,TR,2021-11-08 17:58:31,38.9185,27.8401,60.55,39,98,0.83
234,Gaoual,GN,2021-11-08 18:02:07,11.75,-13.2,87.19,59,28,0.85
235,Vanimo,PG,2021-11-08 18:02:07,-2.6741,141.3028,78.33,88,75,7.2
236,Chernyshevskiy,RU,2021-11-08 18:02:08,63.0128,112.4714,26.33,95,100,10.65
237,Fernandina Beach,US,2021-11-08 17:59:38,30.6697,-81.4626,71.02,48,1,3.0
238,Teya,RU,2021-11-08 18:02:09,60.3778,92.6267,27.99,85,99,14.45
239,Aitape,PG,2021-11-08 18:02:09,-3.1374,142.3475,79.39,84,43,7.25
240,Saint-Augustin,CA,2021-11-08 18:02:10,51.226,-58.6502,38.68,93,100,6.26
241,Charters Towers,AU,2021-11-08 18:02:10,-20.1,146.2667,75.83,84,96,7.58
242,Curup,ID,2021-11-08 17:59:46,-3.4667,102.5333,68.61,98,98,1.16
243,Macapa,BR,2021-11-08 18:02:11,0.0389,-51.0664,83.64,70,80,8.59
244,Antiguo Morelos,MX,2021-11-08 18:02:11,22.5495,-99.0812,81.45,60,36,5.19
245,Cardston,CA,2021-11-08 18:02:12,49.2,-113.3019,42.46,39,11,24.29
246,Port Elizabeth,ZA,2021-11-08 18:00:15,-33.918,25.5701,57.09,91,100,10.83
247,Hasaki,JP,2021-11-08 18:02:13,35.7333,140.8333,61.2,68,99,17.52
248,Buala,SB,2021-11-08 18:02:13,-8.145,159.5921,80.44,79,1,8.32
249,Aklavik,CA,2021-11-08 18:02:13,68.2191,-135.0107,5.59,96,98,5.99
250,Ayagoz,KZ,2021-11-08 18:02:14,47.9714,80.4392,9.37,89,14,4.21
251,Fukue,JP,2021-11-08 18:02:15,32.6881,128.8419,56.89,70,100,23.94
252,Launceston,AU,2021-11-08 18:02:15,-41.45,147.1667,49.64,87,40,3.44
253,Sulangan,PH,2021-11-08 18:02:15,11.1373,123.7228,82.92,80,52,12.95
254,Lavrentiya,RU,2021-11-08 18:02:17,65.5833,-171.0,8.31,88,5,6.15
255,Chuy,UY,2021-11-08 18:02:18,-33.6971,-53.4616,68.56,57,12,8.79
256,Poum,NC,2021-11-08 18:02:18,-20.2333,164.0167,75.74,78,85,11.77
257,Nata,PA,2021-11-08 18:02:19,8.3333,-80.5167,75.47,72,95,9.19
258,Chopovychi,UA,2021-11-08 18:02:19,50.8332,28.9533,46.29,63,100,11.43
259,Rey Bouba,CM,2021-11-08 18:02:19,8.6724,14.1786,87.44,46,89,3.38
260,Palmer,US,2021-11-08 18:02:20,42.1584,-72.3287,64.26,43,1,3.0
261,Gornopravdinsk,RU,2021-11-08 18:02:20,60.05,69.9,29.73,94,62,8.5
262,Zvishavane,ZW,2021-11-08 18:02:21,-20.3267,30.0665,86.23,19,22,7.29
263,Geraldton,AU,2021-11-08 17:59:44,-28.7667,114.6,66.61,77,75,13.8
264,Mercedes,AR,2021-11-08 18:02:21,-34.6515,-59.4307,88.18,18,2,9.98
265,Pangkalanbuun,ID,2021-11-08 18:02:22,-2.6833,111.6167,75.33,90,100,1.81
266,Mizdah,LY,2021-11-08 18:02:22,31.4451,12.9801,77.67,22,100,8.66
267,Hambantota,LK,2021-11-08 18:02:23,6.1241,81.1185,74.75,88,100,13.4
268,Nanchang,CN,2021-11-08 18:02:23,28.6833,115.8833,44.78,53,35,3.4
269,Kodiak,US,2021-11-08 18:02:24,57.79,-152.4072,31.46,82,100,9.91
270,Gondanglegi,ID,2021-11-08 18:02:24,-7.7479,112.0132,76.59,84,100,4.76
271,Rondonopolis,BR,2021-11-08 17:57:44,-16.4708,-54.6356,92.03,46,85,2.66
272,Laguna,US,2021-11-08 18:02:25,38.421,-121.4238,61.34,70,1,1.01
273,Straumen,NO,2021-11-08 18:02:25,63.8709,11.2999,33.62,70,60,3.74
274,Torbay,CA,2021-11-08 18:02:26,47.6666,-52.7314,52.27,71,61,5.01
275,Althofen,AT,2021-11-08 18:02:26,46.8818,14.4676,43.05,96,98,0.96
276,Lubao,PH,2021-11-08 18:02:27,14.9167,120.55,81.14,86,22,5.12
277,Vysokogornyy,RU,2021-11-08 18:02:27,50.1167,139.15,19.24,74,98,3.62
278,Ravar,IR,2021-11-08 18:02:28,31.2656,56.8055,52.61,58,45,1.3
279,Ciempozuelos,ES,2021-11-08 18:02:28,40.1591,-3.621,61.34,33,0,6.91
280,Yoichi,JP,2021-11-08 18:02:28,43.2039,140.7703,59.22,72,100,16.28
281,Bam,IR,2021-11-08 18:02:29,29.106,58.357,55.58,49,1,4.09
282,Idar,DE,2021-11-08 18:02:30,49.7167,7.3,46.44,84,46,0.67
283,College,US,2021-11-08 18:02:30,64.8569,-147.8028,15.46,86,71,4.32
284,Akhmim,EG,2021-11-08 18:02:30,26.5622,31.745,78.57,18,0,6.82
285,Osoyoos,CA,2021-11-08 18:00:29,49.0331,-119.4524,44.04,71,100,3.74
286,Buraydah,SA,2021-11-08 18:02:31,26.326,43.975,64.87,14,0,10.65
287,Neutraubling,DE,2021-11-08 18:02:31,48.9833,12.2,43.0,81,98,2.3
288,Grand Gaube,MU,2021-11-08 18:02:32,-20.0064,57.6608,75.38,87,15,5.01
289,Mayor Pablo Lagerenza,PY,2021-11-08 18:02:32,-19.9309,-60.7718,81.81,52,97,4.72
290,San Andres,CO,2021-11-08 18:02:33,12.5847,-81.7006,82.2,75,44,14.81
291,Khilok,RU,2021-11-08 18:02:33,51.3674,110.4676,27.3,70,66,9.71
292,Esperance,AU,2021-11-08 18:02:34,-33.8667,121.9,57.29,74,100,19.64
293,Port Hawkesbury,CA,2021-11-08 18:02:34,45.6169,-61.3485,54.81,74,95,1.99
294,Lompoc,US,2021-11-08 18:02:35,34.6391,-120.4579,68.13,70,1,4.61
295,Zhigansk,RU,2021-11-08 18:02:35,66.7697,123.3711,9.12,94,100,25.23
296,Castrolibero,IT,2021-11-08 18:02:36,39.3081,16.1944,60.39,99,100,4.81
297,Kavieng,PG,2021-11-08 18:02:36,-2.5744,150.7967,82.74,77,75,12.82
298,Loukhi,RU,2021-11-08 18:02:36,66.0764,33.0381,20.26,95,75,4.7
299,Sao Joao Da Barra,BR,2021-11-08 17:57:38,-21.6403,-41.0511,78.89,72,73,10.54
300,Coihaique,CL,2021-11-08 18:02:37,-45.5752,-72.0662,68.54,37,11,2.93
301,Lagos,NG,2021-11-08 17:58:01,6.5833,3.75,86.32,84,62,6.85
302,Qaqortoq,GL,2021-11-08 18:02:38,60.7167,-46.0333,30.7,88,83,2.55
303,Kailua,US,2021-11-08 18:02:38,21.4022,-157.7394,77.74,72,34,14.79
304,Healdsburg,US,2021-11-08 18:02:38,38.6105,-122.8692,58.91,65,40,3.44
305,Vao,NC,2021-11-08 18:02:39,-22.6667,167.4833,72.72,69,97,7.81
306,Nouadhibou,MR,2021-11-08 18:02:39,20.931,-17.0347,67.24,75,94,20.02
307,Touros,BR,2021-11-08 18:02:40,-5.1989,-35.4608,84.9,64,7,16.24
308,Grindavik,IS,2021-11-08 18:02:40,63.8424,-22.4338,43.27,93,90,23.02
309,Port Keats,AU,2021-11-08 18:02:40,-14.25,129.55,83.05,74,80,5.97
310,Cap Malheureux,MU,2021-11-08 18:02:41,-19.9842,57.6142,75.47,87,12,5.01
311,Leningradskiy,RU,2021-11-08 18:02:41,69.3833,178.4167,7.84,88,74,3.6
312,Bilma,NE,2021-11-08 18:02:42,18.6853,12.9164,80.44,13,55,1.21
313,Kruisfontein,ZA,2021-11-08 18:02:42,-34.0033,24.7314,54.88,83,100,7.29
314,Cesvaine,LV,2021-11-08 18:02:43,56.9667,26.3167,32.88,77,96,12.57
315,Hirara,JP,2021-11-08 18:02:43,24.8,125.2833,69.55,78,100,28.88
316,Ballina,AU,2021-11-08 18:02:44,-28.8667,153.5667,63.79,98,50,4.83
317,Pokhara,NP,2021-11-08 18:02:44,28.2333,83.9833,59.45,75,64,4.74
318,Vestmannaeyjar,IS,2021-11-08 17:59:59,63.4427,-20.2734,45.59,81,90,26.46
319,Moryakovskiy Zaton,RU,2021-11-08 18:02:45,56.6956,84.6467,34.68,82,19,9.6
320,Labe,GN,2021-11-08 18:02:45,11.3182,-12.2833,73.29,70,76,2.95
321,Dunedin,NZ,2021-11-08 18:00:52,-45.8742,170.5036,57.79,90,99,4.41
322,Trelew,AR,2021-11-08 18:02:46,-43.249,-65.3051,65.66,44,77,19.04
323,Half Moon Bay,US,2021-11-08 18:02:46,37.4636,-122.4286,60.62,65,1,0.0
324,Mahibadhoo,MV,2021-11-08 18:02:46,3.7833,72.9667,82.81,71,87,16.96
325,Yubari,JP,2021-11-08 18:02:47,43.0378,141.9578,55.92,85,89,12.3
326,Meulaboh,ID,2021-11-08 18:02:47,4.1363,96.1285,75.07,90,100,3.69
327,Soeng Sang,TH,2021-11-08 18:02:48,14.4264,102.4606,67.1,96,45,4.85
328,Ekhabi,RU,2021-11-08 18:02:48,53.5102,142.9671,17.87,77,48,5.93
329,Belaya Glina,RU,2021-11-08 18:02:49,46.07,40.86,55.9,86,75,7.54
330,Ulfborg,DK,2021-11-08 18:02:49,56.2673,8.3217,45.9,90,84,8.03
331,Roald,NO,2021-11-08 18:02:49,62.5833,6.1333,49.33,61,0,16.11
332,General Roca,AR,2021-11-08 18:02:50,-39.0333,-67.5833,84.6,15,88,1.95
333,Lakes Entrance,AU,2021-11-08 18:02:50,-37.8811,147.981,53.58,80,73,0.31
334,Sorong,ID,2021-11-08 18:00:30,-0.8833,131.25,80.42,82,35,3.91
335,Tarakan,ID,2021-11-08 18:02:51,3.3,117.6333,76.5,94,20,3.44
336,Tete,MZ,2021-11-08 18:00:56,-16.1564,33.5867,100.49,18,20,8.05
337,Nipawin,CA,2021-11-08 18:02:40,53.3668,-104.0009,39.24,40,12,11.54
338,Havoysund,NO,2021-11-08 18:02:52,70.9963,24.6622,30.43,66,100,10.98
339,Yarada,IN,2021-11-08 18:02:52,17.65,83.2667,73.72,83,40,2.3
340,Mirnyy,RU,2021-11-08 18:02:52,62.5353,113.9611,26.67,94,100,10.6
341,Flinders,AU,2021-11-08 18:02:53,-34.5833,150.8552,63.21,87,98,1.99
342,Bafoulabe,ML,2021-11-08 18:02:53,13.8065,-10.8321,94.37,20,44,3.24
343,Soure,BR,2021-11-08 18:02:54,-0.7167,-48.5233,87.15,59,12,8.68
344,Ode,NG,2021-11-08 18:02:54,7.7899,5.7117,80.46,62,77,3.67
345,Barcelona,ES,2021-11-08 18:02:54,41.3888,2.159,61.57,77,0,2.3
346,Namatanai,PG,2021-11-08 18:02:55,-3.6667,152.4333,79.48,82,70,9.75
347,Syava,RU,2021-11-08 18:02:56,58.0146,46.3222,38.28,97,100,9.42
348,Daru,PG,2021-11-08 18:02:56,-9.0763,143.2092,79.61,87,14,6.87
349,Matay,EG,2021-11-08 18:02:57,28.419,30.7792,76.24,24,0,6.64
350,Betsiamites,CA,2021-11-08 18:02:57,48.9413,-68.646,52.5,72,70,8.12
351,Villa Sandino,NI,2021-11-08 18:02:58,12.0483,-84.9936,77.76,76,82,19.35
352,Xinyang,CN,2021-11-08 18:00:34,32.1228,114.0656,42.91,55,93,3.96
353,Eurajoki,FI,2021-11-08 18:02:58,61.2,21.7333,24.82,74,2,3.13
354,Mount Isa,AU,2021-11-08 18:02:59,-20.7333,139.5,73.17,94,100,4.61
355,Agirish,RU,2021-11-08 18:02:59,61.9247,63.0231,27.88,92,77,4.16
356,Cameta,BR,2021-11-08 18:03:00,-2.2444,-49.4958,87.17,58,57,6.4
357,Alta Floresta,BR,2021-11-08 17:59:56,-9.8756,-56.0861,76.3,85,98,5.68
358,Salalah,OM,2021-11-08 18:00:22,17.0151,54.0924,77.54,61,26,2.86
359,Bima,ID,2021-11-08 18:03:00,-8.4667,118.7167,79.23,90,100,1.21
360,Asfi,MA,2021-11-08 17:58:40,32.2994,-9.2372,63.77,58,0,13.98
361,Puerto Ayacucho,VE,2021-11-08 18:03:01,5.6639,-67.6236,85.23,69,83,1.52
362,Chulumani,BO,2021-11-08 18:03:02,-16.4096,-67.5263,73.17,70,99,3.87
363,Salinas,US,2021-11-08 17:59:55,36.6777,-121.6555,61.84,72,92,3.22
364,Port Blair,IN,2021-11-08 18:03:02,11.6667,92.75,82.4,84,100,11.16
365,Kharan,PK,2021-11-08 17:59:08,28.5833,65.4167,66.25,26,0,2.75
366,Rundu,NA,2021-11-08 18:03:04,-17.9333,19.7667,80.17,42,92,9.73
367,Honningsvag,NO,2021-11-08 18:03:04,70.9821,25.9704,29.95,80,75,9.22
368,Garden City,US,2021-11-08 17:59:47,42.3256,-83.331,66.33,51,0,1.99
369,Ust-Tsilma,RU,2021-11-08 18:03:05,65.441,52.1498,23.77,88,96,3.04
370,Paita,PE,2021-11-08 18:03:05,-5.0892,-81.1144,73.96,70,99,12.26
371,Verkhoyansk,RU,2021-11-08 18:03:05,67.5447,133.385,-12.12,92,69,4.05
372,Bonavista,CA,2021-11-08 18:03:06,48.6499,-53.1147,53.11,74,2,9.62
373,Zabol,AF,2021-11-08 18:03:06,32.25,67.25,49.98,37,0,6.11
374,Zaoyang,CN,2021-11-08 18:03:07,32.1272,112.7542,43.74,59,74,4.76
375,Bathsheba,BB,2021-11-08 18:03:07,13.2167,-59.5167,83.01,65,44,12.17
376,Azul,AR,2021-11-08 18:03:08,-36.777,-59.8585,83.34,32,16,4.61
377,Sao Raimundo Nonato,BR,2021-11-08 18:03:08,-9.0153,-42.6994,83.32,63,100,6.91
378,Yulara,AU,2021-11-08 18:01:17,-25.2406,130.9889,65.57,89,1,9.69
379,Manzil Salim,TN,2021-11-08 18:03:09,35.8567,8.4765,57.56,51,48,6.62
380,Visnes,NO,2021-11-08 18:03:09,59.3556,5.2242,49.57,81,75,17.27
381,Kroya,ID,2021-11-08 18:03:10,-7.6331,109.2461,78.78,88,100,1.86
382,Mount Pleasant,US,2021-11-08 18:03:10,32.7941,-79.8626,69.31,39,1,1.01
383,Chapais,CA,2021-11-08 18:03:10,49.7834,-74.8492,46.87,79,100,9.42
384,Sistranda,NO,2021-11-08 18:03:11,63.7256,8.834,35.56,67,91,11.36
385,Naze,JP,2021-11-08 18:03:11,28.3667,129.4833,62.35,77,99,19.37
386,Nanortalik,GL,2021-11-08 18:03:12,60.1432,-45.2371,26.67,78,49,15.52
387,Kaitong,CN,2021-11-08 18:03:12,44.8135,123.15,22.41,94,100,26.31
388,Shaunavon,CA,2021-11-08 18:03:12,49.6501,-108.4181,40.96,35,57,22.35
389,Kuzhithurai,IN,2021-11-08 18:03:13,8.3167,77.1833,76.68,83,100,5.28
390,San Juan,AR,2021-11-08 18:00:43,-31.5375,-68.5364,86.63,21,0,6.87
391,Zheleznogorsk,RU,2021-11-08 18:03:13,52.331,35.3711,43.39,77,99,16.11
392,Yumen,CN,2021-11-08 18:03:14,40.2833,97.2,16.11,57,2,6.38
393,Voyvozh,RU,2021-11-08 18:03:14,62.892,54.9635,25.52,93,99,5.55
394,Chifeng,CN,2021-11-08 18:03:15,42.2683,118.9636,26.19,59,99,29.28
395,Masvingo,ZW,2021-11-08 18:03:15,-20.0637,30.8277,81.77,19,20,6.55
396,Krasnoselkup,RU,2021-11-08 18:03:16,65.7,82.4667,7.45,93,95,7.07
397,Kaoma,ZM,2021-11-08 18:03:16,-14.7833,24.8,82.94,19,82,5.3
398,Channel-Port Aux Basques,CA,2021-11-08 18:00:59,47.5702,-59.1367,48.15,76,20,9.8
399,Solnechnyy,RU,2021-11-08 18:03:17,50.7214,136.6319,23.97,60,96,4.0
400,Gaya,IN,2021-11-08 18:01:38,24.7833,85.0,66.54,61,78,3.91
401,Erzin,TR,2021-11-08 18:03:17,36.9559,36.2,57.72,33,2,5.73
402,Havre-Saint-Pierre,CA,2021-11-08 18:03:18,50.2334,-63.5986,47.44,82,98,16.42
403,Kirovskiy,RU,2021-11-08 18:03:18,45.0917,133.5136,51.87,80,100,16.08
404,Mugur-Aksy,RU,2021-11-08 18:03:18,50.35,90.5,9.5,57,0,5.93
405,Chumikan,RU,2021-11-08 18:03:19,54.7183,135.315,14.09,81,46,9.66
406,Bambamarca,PE,2021-11-08 18:03:19,-6.6833,-78.5333,65.97,79,95,6.06
407,Maha Sarakham,TH,2021-11-08 18:03:20,16.3333,103.6667,72.18,73,40,12.97
408,Roebourne,AU,2021-11-08 18:03:20,-20.7833,117.1333,71.6,52,29,18.37
409,Carballo,ES,2021-11-08 18:03:21,43.213,-8.691,62.01,93,81,6.46
410,Vila Franca Do Campo,PT,2021-11-08 18:03:21,37.7167,-25.4333,70.21,81,57,14.85
411,Burnie,AU,2021-11-08 18:03:21,-41.0667,145.9167,48.43,78,12,4.16
412,Port Lincoln,AU,2021-11-08 18:03:22,-34.7333,135.8667,54.25,75,58,4.65
413,Vostok,RU,2021-11-08 17:58:36,46.4856,135.8833,39.99,81,100,9.66
414,Kargopol,RU,2021-11-08 18:03:22,61.5071,38.9456,27.37,75,99,10.87
415,Sur,OM,2021-11-08 18:03:23,22.5667,59.5289,77.41,55,0,4.32
416,Elban,RU,2021-11-08 18:03:23,50.1018,136.5094,29.1,43,98,10.16
417,Saldanha,ZA,2021-11-08 18:03:24,-33.0117,17.9442,60.84,74,0,13.13
418,Constitucion,CL,2021-11-08 18:03:24,-35.3333,-72.4167,66.34,64,65,17.98
419,Dauriya,RU,2021-11-08 18:03:25,49.9333,116.8667,19.29,77,14,6.02
420,Pedasi,PA,2021-11-08 18:03:25,7.5333,-80.0333,77.47,85,100,8.23
421,Ossora,RU,2021-11-08 18:03:26,59.2353,163.0719,11.43,82,44,6.53
422,Waslala,NI,2021-11-08 18:03:26,13.2333,-85.3833,80.35,64,69,7.27
423,Upernavik,GL,2021-11-08 18:03:27,72.7868,-56.1549,6.6,70,0,5.48
424,Floro,NO,2021-11-08 18:03:27,61.5996,5.0328,48.96,71,75,16.11
425,Yanam,IN,2021-11-08 18:03:28,16.7333,82.2167,73.53,72,38,4.83
426,Neyvo-Rudyanka,RU,2021-11-08 18:03:28,57.3444,60.1343,33.64,82,100,10.16
427,Mananjary,MG,2021-11-08 18:03:29,-21.2167,48.3333,73.83,88,29,7.67
428,Anshun,CN,2021-11-08 18:03:29,26.25,105.9333,43.29,68,100,7.2
429,Yeppoon,AU,2021-11-08 18:03:30,-23.1333,150.7333,69.58,95,93,5.99
430,Vanino,RU,2021-11-08 18:03:30,49.0869,140.2543,31.03,65,99,2.48
431,Labuhan,ID,2021-11-08 18:03:30,-6.8844,112.2051,82.06,77,100,5.06
432,Deputatskiy,RU,2021-11-08 18:03:31,69.3,139.9,-8.81,87,100,2.62
433,Malanje,AO,2021-11-08 18:03:31,-9.5402,16.341,69.66,80,78,2.44
434,Neuquen,AR,2021-11-08 18:03:32,-38.9516,-68.0591,84.09,26,0,6.91
435,Wamba,NG,2021-11-08 18:03:32,8.9333,8.6,81.46,56,34,1.9
436,Bosaso,SO,2021-11-08 18:03:33,11.2842,49.1816,79.02,61,39,4.7
437,Kalmunai,LK,2021-11-08 18:03:33,7.4167,81.8167,74.57,94,100,11.86
438,Talnakh,RU,2021-11-08 18:03:33,69.4865,88.3972,0.41,99,99,2.1
439,Anadyr,RU,2021-11-08 18:01:10,64.75,177.4833,10.09,96,100,2.95
440,Limoeiro Do Norte,BR,2021-11-08 18:03:34,-5.1456,-38.0981,101.35,22,35,7.72
441,Sarangani,PH,2021-11-08 18:03:34,5.4033,125.4636,80.46,85,100,19.82
442,Jacksonville,US,2021-11-08 18:00:16,30.3322,-81.6556,71.04,44,1,3.0
443,Krasnoarmeysk,RU,2021-11-08 18:03:35,51.0239,45.6969,46.08,65,85,17.11
444,Khash,IR,2021-11-08 18:03:35,28.2211,61.2158,54.52,38,0,4.21
445,Krasnovishersk,RU,2021-11-08 18:03:36,60.4078,57.082,32.63,98,100,7.78
446,Ibra,OM,2021-11-08 18:03:36,22.6906,58.5334,72.3,44,18,1.68
447,Coquimbo,CL,2021-11-08 18:03:37,-29.9533,-71.3436,62.33,72,75,13.8
448,Gamba,GA,2021-11-08 18:03:37,-2.65,10.0,76.82,87,100,2.53
449,Santiago Del Estero,AR,2021-11-08 18:03:37,-27.7951,-64.2615,81.81,45,71,6.6
450,Nabire,ID,2021-11-08 18:03:38,-3.3667,135.4833,76.66,91,93,2.75
451,Baruun-Urt,MN,2021-11-08 18:03:38,46.6806,113.2792,21.67,66,89,6.69
452,Tilichiki,RU,2021-11-08 18:03:39,60.4667,166.1,22.62,96,100,4.5
453,Port Macquarie,AU,2021-11-08 18:03:39,-31.4333,152.9167,62.56,92,94,5.97
454,Mitsamiouli,KM,2021-11-08 18:03:40,-11.3847,43.2844,80.71,77,17,8.79
455,Plattsburgh,US,2021-11-08 18:03:40,44.6995,-73.4529,60.37,60,1,1.99
456,The Valley,AI,2021-11-08 18:03:40,18.217,-63.0578,85.82,68,31,11.12
457,Montepuez,MZ,2021-11-08 18:03:41,-13.1256,38.9997,78.94,50,13,11.32
458,Henties Bay,NA,2021-11-08 18:03:41,-22.116,14.2845,59.86,79,0,16.4
459,Moerai,PF,2021-11-08 18:03:42,-22.4333,-151.3333,73.44,70,60,19.04
460,Pinhao,BR,2021-11-08 18:03:13,-25.6956,-51.6597,69.6,90,64,6.62
461,Margate,GB,2021-11-08 18:03:42,51.3813,1.3862,52.03,89,32,8.21
462,Tsevie,TG,2021-11-08 18:03:43,6.4261,1.2133,80.69,75,69,8.41
463,Yushala,RU,2021-11-08 18:03:43,57.0761,64.2601,31.75,85,95,8.46
464,Carutapera,BR,2021-11-08 18:03:44,-1.195,-46.02,86.61,63,23,10.13
465,Petropavlovsk-Kamchatskiy,RU,2021-11-08 18:03:44,53.0452,158.6483,28.38,71,10,18.86
466,Trat,TH,2021-11-08 18:03:45,12.5,102.5,83.98,93,100,7.25
467,Arlit,NE,2021-11-08 18:03:45,18.7369,7.3853,85.35,11,3,5.08
468,Pontianak,ID,2021-11-08 18:03:46,-0.0333,109.3333,76.98,94,75,3.44
469,Rosetta,EG,2021-11-08 18:03:46,31.4044,30.4164,72.9,77,35,11.9
470,Sauda,NO,2021-11-08 18:03:46,59.6506,6.3542,49.68,92,100,3.42
471,Mahon,ES,2021-11-08 18:03:47,39.8885,4.2658,57.76,72,75,21.85
472,Cleveland,US,2021-11-08 18:00:02,41.4995,-81.6954,69.6,42,1,1.99
473,Shigony,RU,2021-11-08 18:03:48,53.3875,48.6777,44.78,77,100,17.76
474,Baker City,US,2021-11-08 18:03:48,44.7749,-117.8344,42.58,59,1,12.66
475,Carbonia,IT,2021-11-08 18:03:49,39.1672,8.5222,60.01,84,75,3.96
476,Port Hedland,AU,2021-11-08 18:03:49,-20.3167,118.5667,73.45,78,51,14.97
477,Riyadh,SA,2021-11-08 18:03:49,24.6877,46.7219,69.94,23,0,9.31
478,Puerto Baquerizo Moreno,EC,2021-11-08 18:03:50,-0.9,-89.6,76.19,65,20,17.27
479,Medvedok,RU,2021-11-08 18:03:50,57.3891,50.0351,40.66,97,100,13.56
480,Cockburn Town,TC,2021-11-08 18:03:50,21.4612,-71.1419,82.13,69,33,6.11
481,Ankazobe,MG,2021-11-08 18:03:51,-18.3167,47.1167,68.41,63,62,13.18
482,Fenoarivo,MG,2021-11-08 18:03:51,-18.933,47.4354,68.07,77,20,12.66
483,Santa Cruz,BO,2021-11-08 18:03:52,-17.8,-63.1667,87.85,45,40,3.44
484,Cap-Aux-Meules,CA,2021-11-08 18:03:02,47.3821,-61.8597,46.76,85,27,13.33
485,Misratah,LY,2021-11-08 18:03:52,32.3754,15.0925,75.27,62,85,15.19
486,Kita,ML,2021-11-08 18:02:10,13.0349,-9.4895,90.0,31,33,3.94
487,Abu Dhabi,AE,2021-11-08 17:58:53,24.4667,54.3667,80.71,47,0,10.36
488,La Romana,DO,2021-11-08 18:03:53,18.4273,-68.9728,88.16,66,40,11.5
489,Whitehorse,CA,2021-11-08 18:03:54,60.7161,-135.0538,14.94,89,72,1.54
490,Karasburg,NA,2021-11-08 18:03:54,-28.0167,18.75,64.31,31,6,16.69
491,Tangwani,PK,2021-11-08 18:03:55,28.2787,68.9972,69.73,19,0,5.3
492,Saint-Georges,GD,2021-11-08 18:00:45,12.0564,-61.7485,83.35,65,14,12.17
493,Zychlin,PL,2021-11-08 18:02:12,52.244,19.6261,48.22,88,100,9.48
494,Havelock,US,2021-11-08 17:59:41,34.8791,-76.9013,67.98,45,29,8.01
495,Lasa,IT,2021-11-08 18:03:56,46.6166,10.7002,38.03,80,12,3.49
496,Zhezkazgan,KZ,2021-11-08 18:03:56,47.8043,67.7144,35.1,55,72,6.67
497,Botwood,CA,2021-11-08 18:03:57,49.1499,-55.3482,51.31,60,76,7.34
498,Bayreuth,DE,2021-11-08 18:03:57,49.9481,11.5783,43.54,93,92,1.01
499,Vanavara,RU,2021-11-08 18:03:57,60.34,102.2797,27.84,82,100,15.3
500,Pacific Grove,US,2021-11-08 18:03:16,36.6177,-121.9166,62.71,55,1,1.01
501,Mikuni,JP,2021-11-08 18:03:58,36.2171,136.1519,64.13,75,94,11.03
502,Dwarka,IN,2021-11-08 18:03:58,22.2394,68.9678,81.91,48,65,11.65
503,Sitka,US,2021-11-08 17:59:55,57.0531,-135.33,38.26,89,77,3.2
504,Rodrigues Alves,BR,2021-11-08 18:03:59,-7.738,-72.6509,92.64,42,97,2.28
505,Conway,US,2021-11-08 17:59:23,35.0887,-92.4421,69.1,60,1,10.36
506,Sucre,BO,2021-11-08 18:04:00,-19.0333,-65.2627,68.45,42,97,11.63
507,Tura,IN,2021-11-08 18:04:00,25.5198,90.2201,63.01,73,90,3.89
508,Gimli,CA,2021-11-08 18:04:01,50.6336,-96.9907,45.43,44,0,12.71
509,Mayo,US,2021-11-08 18:04:01,38.8876,-76.5119,70.36,47,1,5.01
510,Kununurra,AU,2021-11-08 18:04:02,-15.7667,128.7333,78.78,94,44,5.75
511,Rocha,UY,2021-11-08 18:04:02,-34.4833,-54.3333,68.95,57,3,11.79
512,Boa Vista,BR,2021-11-08 18:04:03,2.8197,-60.6733,91.38,46,40,16.11
513,Axim,GH,2021-11-08 18:04:03,4.8699,-2.2405,80.37,81,81,9.24
514,Gravdal,NO,2021-11-08 18:04:04,68.1214,13.5031,31.89,80,40,0.0
515,La Ronge,CA,2021-11-08 18:04:04,55.1001,-105.2842,37.18,51,4,5.53
516,Prykolotne,UA,2021-11-08 18:04:05,50.1604,37.3474,46.4,73,100,12.06
517,Asyut,EG,2021-11-08 18:04:05,27.181,31.1837,77.58,22,0,6.35
518,Itacare,BR,2021-11-08 18:04:05,-14.2775,-38.9967,77.2,83,97,8.14
519,Poronaysk,RU,2021-11-08 18:04:06,49.2167,143.1167,30.83,62,100,3.04
520,Zhanaozen,KZ,2021-11-08 18:04:06,43.3,52.8,44.87,70,31,6.62
521,Voi,KE,2021-11-08 18:04:07,-3.3945,38.563,74.8,73,72,10.42
522,Bodmin,GB,2021-11-08 18:01:48,50.4715,-4.7243,55.51,94,40,4.61
523,Manta,EC,2021-11-08 18:00:39,-0.95,-80.7333,76.75,70,95,13.24
524,Ambon,ID,2021-11-08 18:04:08,-3.6954,128.1814,81.28,80,30,2.48
525,Killybegs,IE,2021-11-08 18:04:08,54.6333,-8.45,57.45,96,100,15.9
526,Ailigandi,PA,2021-11-08 18:04:09,9.2333,-78.0167,81.91,78,99,8.7
527,Gizo,SB,2021-11-08 18:04:09,-8.103,156.8419,82.51,72,4,6.93
528,Tazovskiy,RU,2021-11-08 18:04:09,67.4667,78.7,3.42,97,27,8.81
529,Sulecin,PL,2021-11-08 18:04:10,52.4443,15.1168,48.07,90,100,7.67
530,Port Augusta,AU,2021-11-08 18:04:10,-32.5,137.7667,55.54,61,1,7.7
531,Batagay-Alyta,RU,2021-11-08 18:04:11,67.8006,130.4114,-1.08,92,100,1.81
532,Viedma,AR,2021-11-08 18:04:11,-40.8135,-62.9967,73.99,29,95,18.21
533,Tara,RU,2021-11-08 18:04:12,56.8944,74.371,34.34,92,100,8.14
534,Goure,NE,2021-11-08 18:04:12,13.9835,10.2704,91.02,13,17,6.53
535,Karratha,AU,2021-11-08 18:04:12,-20.7377,116.8463,70.23,56,39,18.88
536,Eureka,US,2021-11-08 18:04:13,40.8021,-124.1637,47.57,51,70,5.75
537,Kaeo,NZ,2021-11-08 18:04:13,-35.1,173.7833,57.33,97,7,2.75
538,Poso,ID,2021-11-08 18:04:14,-1.3959,120.7524,77.32,88,100,4.81
539,Izhmorskiy,RU,2021-11-08 18:04:14,56.194,86.6414,27.91,74,92,15.17
540,Sibu,MY,2021-11-08 18:04:15,2.3,111.8167,73.94,98,100,0.45
541,Ati,TD,2021-11-08 18:04:15,13.2154,18.3353,90.05,14,9,7.96
542,Miyako,JP,2021-11-08 18:04:15,39.6367,141.9525,59.29,80,81,16.26
543,Guanay,BO,2021-11-08 18:04:16,-15.4975,-67.8797,86.77,48,96,2.44
544,Loei,TH,2021-11-08 18:04:16,17.4167,101.5,60.15,99,84,3.42
545,Fortuna,US,2021-11-08 18:04:17,40.5982,-124.1573,47.32,87,1,4.61
546,Moree,AU,2021-11-08 18:04:17,-29.4667,149.85,64.42,82,96,5.75
547,Comodoro Rivadavia,AR,2021-11-08 18:04:18,-45.8667,-67.5,58.86,44,0,13.8
548,Picton,AU,2021-11-08 18:04:18,-34.1833,150.6,62.83,92,96,1.41
549,Koumac,NC,2021-11-08 18:04:19,-20.5667,164.2833,72.3,84,75,3.02
550,Jacareacanga,BR,2021-11-08 18:04:19,-6.2222,-57.7528,81.64,83,98,2.68
551,Alice Springs,AU,2021-11-08 18:03:25,-23.7,133.8833,62.15,100,90,5.75
552,Ozinki,RU,2021-11-08 18:04:19,51.1786,49.6769,43.74,74,93,15.32
553,Plettenberg Bay,ZA,2021-11-08 18:04:20,-34.0527,23.3716,57.2,84,100,7.54
554,Kongsberg,NO,2021-11-08 18:04:20,59.6652,9.6465,37.51,95,100,1.01
555,Sokoni,TZ,2021-11-08 18:04:21,-6.4333,39.55,79.7,79,93,11.5
556,Parana,AR,2021-11-08 18:04:21,-31.732,-60.5238,86.58,37,1,2.19
557,Camabatela,AO,2021-11-08 18:04:21,-8.1881,15.375,66.04,93,89,2.44
558,Nikolskoye,RU,2021-11-08 18:04:22,59.7035,30.7861,34.02,70,100,12.46
559,Fare,PF,2021-11-08 18:04:22,-16.7,-151.0167,78.22,77,12,7.45
560,Saint-Pierre,RE,2021-11-08 18:00:05,-21.3393,55.4781,74.88,66,0,17.27
561,Kolosovka,RU,2021-11-08 18:04:23,56.4678,73.611,31.95,94,100,8.93
562,Kapoeta,SS,2021-11-08 18:00:29,4.7717,33.5903,81.07,53,88,5.3
563,Arucas,ES,2021-11-08 18:04:23,28.1198,-15.5233,67.82,62,4,14.14
564,Alugan,PH,2021-11-08 18:04:24,12.2188,125.4808,81.21,84,84,11.59
565,Manitowoc,US,2021-11-08 18:04:24,44.0667,-87.8001,64.38,66,1,1.99
566,Akureyri,IS,2021-11-08 18:04:25,65.6835,-18.0878,37.96,79,35,11.21
567,Magadan,RU,2021-11-08 18:04:25,59.5667,150.8,8.58,74,1,7.07
568,Tual,ID,2021-11-08 18:04:26,-5.6667,132.75,84.52,74,97,8.25
569,Montes Altos,BR,2021-11-08 18:04:26,-5.8333,-47.0667,87.12,57,66,3.11
570,Fojnica,BA,2021-11-08 18:04:27,43.9625,17.8983,41.92,97,100,3.33
571,San Joaquin,US,2021-11-08 18:04:27,37.9333,-121.3011,58.78,70,1,3.44
572,Mutsu,JP,2021-11-08 18:04:28,41.2894,141.2169,60.01,70,91,23.2
573,Muncar,ID,2021-11-08 18:04:28,-8.4333,114.3333,77.36,91,100,3.27
